id,link,name,address
159864,https://infokost.id/listing/kost-ibu-ani-coblong-bandung/,Kost Ibu Ani Coblong Bandung,"COBLONG, KOTA BANDUNG"
127745,https://infokost.id/listing/kost-melina-house-babakan-ciparay/,Kost Melina House Babakan Ciparay,"BABAKAN CIPARAY, KOTA BANDUNG"
123675,https://infokost.id/listing/kost-griya-sidiq/,Kost Griya Sidiq Jl Cisitu Indah Coblong Bandung,"COBLONG, KOTA BANDUNG"
159839,https://infokost.id/listing/puri-yosefa-4-unpad-jatinangor-sumedang/,Puri YosEFA 4 Unpad Jatinangor Sumedang,"JATINANGOR, KABUPATEN SUMEDANG"
169208,https://infokost.id/listing/de-sun-surya-sumantri-pasteur-bandung/,De Sun Surya Sumantri Pasteur Bandung,"SUKAJADI, KOTA BANDUNG"
167954,https://infokost.id/listing/homey-lodge-baleendah-bandung-2/,Homey Lodge Baleendah Bandung,"BALEENDAH, KABUPATEN BANDUNG"
99758,https://infokost.id/listing/ruoptions-tamsis-32-gatot-subroto-bandung/,Tamsis 32 Gatot Subroto Bandung,"LENGKONG, KOTA BANDUNG"
163181,https://infokost.id/listing/villadamai-11-info-coblong-bandung/,Villadamai 11 Info Coblong Bandung,"COBLONG, KOTA BANDUNG"
109806,https://infokost.id/listing/kost-ronal-2-bandung/,Kost Ronal 2 Bandung,"CILEUNYI, KABUPATEN BANDUNG"
117074,https://infokost.id/listing/ruoptions-rulli-house-dipatiukur-bandung/,Rulli House Dipatiukur Bandung,"COBLONG, KOTA BANDUNG"
160780,https://infokost.id/listing/pondok-sangkuriang-2-jatinangor-bandung/,Pondok Sangkuriang 2 Jatinangor Bandung,"JATINANGOR, KABUPATEN SUMEDANG"
159310,https://infokost.id/listing/millenium-house-jatinangor/,Millenium House Jatinangor Bandung,"JATINANGOR, KABUPATEN SUMEDANG"
128776,https://infokost.id/listing/ruoptions-tulip-cibogo-pasteur-bandung/,Tulip Cibogo Pasteur Bandung,"SUKAJADI, KOTA BANDUNG"
159650,https://infokost.id/listing/kost-graha-setiabudi-bandung/,Kost Graha Setiabudi Bandung,"CIDADAP, KOTA BANDUNG"
159579,https://infokost.id/listing/kost-purabaya-residence-cicendo-bandung/,Kost Purabaya Residence Cicendo Bandung,"CICENDO, KOTA BANDUNG"
158865,https://infokost.id/listing/rumah-kost-blessing-coblong-bandung/,Rumah Kost Blessing Coblong Bandung,"COBLONG, KOTA BANDUNG"
158681,https://infokost.id/listing/alexandre-kost-dago-jajaway-cidadap-bandung/,Alexandre Kost Dago Jajaway Cidadap Bandung,"CIDADAP, KOTA BANDUNG"
158539,https://infokost.id/listing/elsan-house-coblong-bandung/,Elsan House Coblong Bandung,"COBLONG, KOTA BANDUNG"
158519,https://infokost.id/listing/kost-pontek-coblong-bandung/,Kost Pontek Coblong Bandung,"COBLONG, KOTA BANDUNG"
158387,https://infokost.id/listing/vgh-2-antapani-bandung/,Vgh 2 Antapani Bandung,"ANTAPANI, KOTA BANDUNG"
157426,https://infokost.id/listing/homey-lodge-baleendah-bandung/,Homey Lodge Baleendah Bandung,"BALEENDAH, KABUPATEN BANDUNG"
128817,https://infokost.id/listing/ruoptions-bahagia-house-34a-pasteur-bandung/,Bahagia House 34A Pasteur Bandung,"SUKAJADI, KOTA BANDUNG"
123297,https://infokost.id/listing/ruoptions-fitriah-cipedes-bandung/,Fitriah Cipedes Bandung,"SUKASARI, KOTA BANDUNG"
157149,https://infokost.id/listing/kosan-dago-barat-11f-coblong-bandung/,Kosan Dago Barat 11F Coblong Bandung,"COBLONG, KOTA BANDUNG"
156876,https://infokost.id/listing/pondok-the-nizle-bojongsoang-bandung/,Pondok The Nizle Bojongsoang Bandung,"BOJONGSOANG, KABUPATEN BANDUNG"
151835,https://infokost.id/listing/kost-pauline-regol-bandung/,Kost Pauline Regol Bandung,"REGOL, KOTA BANDUNG"
130305,https://infokost.id/listing/ruoptions-anf-residence-astana-anyar-bandung/,ANF Residence Astana Anyar Bandung,"ASTANAANYAR, KOTA BANDUNG"
126508,https://infokost.id/listing/ruoptions-orange-kost-pasteur-bandung/,Orange Kost Pasteur Bandung,"SUKAJADI, KOTA BANDUNG"
123257,https://infokost.id/listing/ruoptions-109-residence-ciumbuleuit-bandung/,109 Residence Ciumbuleuit Bandung,"CIDADAP, KOTA BANDUNG"
156760,https://infokost.id/listing/kost-akbar-dayeuhkolot-bandung/,Kost Akbar Dayeuhkolot Bandung,"DAYEUHKOLOT, KABUPATEN BANDUNG"
120043,https://infokost.id/listing/ruoptions-tania-house-sarijadi-bandung/,Tania House Sarijadi Bandung,"SUKASARI, KOTA BANDUNG"
117023,https://infokost.id/listing/ruoptions-vanone-home-bandung/,Vanone Home Bandung,"SUKAJADI, KOTA BANDUNG"
117057,https://infokost.id/listing/ruoptions-darmo-residence-bandung/,Darmo Residence Bandung,"CICENDO, KOTA BANDUNG"
110440,https://infokost.id/listing/ruoptions-sukagalih-74-pasteur-bandung/,Sukagalih 74 Pasteur Bandung,"SUKAJADI, KOTA BANDUNG"
107176,https://infokost.id/listing/ruoptions-aa-187-bandung/,AA 187 Bandung,"ASTANAANYAR, KOTA BANDUNG"
155350,https://infokost.id/listing/kost-tigasaudara/,Kost Tigasaudara,"COBLONG, KOTA BANDUNG"
155043,https://infokost.id/listing/kos-mekar-lestari/,KOS MEKAR LESTARI,"SUKAJADI, KOTA BANDUNG"
150586,https://infokost.id/listing/kos-akbar/,Kos AKBAR,"DAYEUHKOLOT, KABUPATEN BANDUNG"
152139,https://infokost.id/listing/bumi-azfa/,Bumi Azfa,"ANDIR, KOTA BANDUNG"
151441,https://infokost.id/listing/pondok-abadi/,Pondok Abadi,"SUKASARI, KOTA BANDUNG"
150055,https://infokost.id/listing/kosan-putri-muslimah/,Kosan Putri Muslimah,"SUKASARI, KOTA BANDUNG"
149334,https://infokost.id/listing/v-cozy/,V Cozy,"CINAMBO, KOTA BANDUNG"
134757,https://infokost.id/listing/ruoptions-burger-16-dipatiukur-bandung/,Burger 16 Dipatiukur Bandung,"COBLONG, KOTA BANDUNG"
146348,https://infokost.id/listing/kostku/,KOSTKU,"PANYILEUKAN, KOTA BANDUNG"
144913,https://infokost.id/listing/kost-tamansari-33-56-coblong-bandung/,Kost Tamansari 33 56 Coblong Bandung,"COBLONG, KOTA BANDUNG"
145110,https://infokost.id/listing/saung-bambumuda/,Saung BambuMuda,"CIBEUNYING KALER, KOTA BANDUNG"
145535,https://infokost.id/listing/kost-andalan-cisitu-lama-coblong-bandung/,Kost Andalan Cisitu Lama Coblong Bandung,"COBLONG, KOTA BANDUNG"
144208,https://infokost.id/listing/kos-bersih-dan-aman/,Kos Bersih Dan Aman,"COBLONG, KOTA BANDUNG"
142210,https://infokost.id/listing/wisma-rina-rini-2/,Wisma Rina Rini,"ASTANAANYAR, KOTA BANDUNG"
138654,https://infokost.id/listing/kost-an-pak-rachmad/,Kost-An Pak Rachmad,"NGAMPRAH, KABUPATEN BANDUNG BARAT"
138170,https://infokost.id/listing/kost-cihampelas-bandung/,Kost Cihampelas Bandung,"COBLONG, KOTA BANDUNG"
138146,https://infokost.id/listing/kost-bulanan-bandung/,Kost Bulanan Bandung,"COBLONG, KOTA BANDUNG"
138091,https://infokost.id/listing/kosan-putra-sekitar-itb-unikom-polman/,Kosan Putra Sekitar ITB Unikom Polman,"COBLONG, KOTA BANDUNG"
136135,https://infokost.id/listing/andalucia-lodge/,Andalucia Lodge & Brunch,"CICENDO, KOTA BANDUNG"
137226,https://infokost.id/listing/kost-adhrin/,Kost Adhrin,"DAYEUHKOLOT, KABUPATEN BANDUNG"
136094,https://infokost.id/listing/anita-kost/,Anita Kost,"CIDADAP, KOTA BANDUNG"
135994,https://infokost.id/listing/purabaya-residence-2/,Purabaya Residence,"CICENDO, KOTA BANDUNG"
135894,https://infokost.id/listing/kosan-hotel-pasar-baru-heritage/,Kosan Hotel Pasar Baru Heritage,"ANDIR, KOTA BANDUNG"
135887,https://infokost.id/listing/kosan-hotel-sweet-karina/,Kosan Hotel Sweet Karina,"SUKAJADI, KOTA BANDUNG"
135399,https://infokost.id/listing/kost-cisitu-baru-12/,Kost Cisitu Baru 12,"COBLONG, KOTA BANDUNG"
135384,https://infokost.id/listing/kost-l-1-coblong/,Kost L-1 Coblong,"COBLONG, KOTA BANDUNG"
135373,https://infokost.id/listing/kost-32-cisitu-lama-ix/,Kost 32 Cisitu Lama IX,"COBLONG, KOTA BANDUNG"
135004,https://infokost.id/listing/kost-santa/,Kost Santa,"CIBEUNYING KIDUL, KOTA BANDUNG"
134993,https://infokost.id/listing/kost-puri-blessing/,Kost Puri Blessing,"SUKAJADI, KOTA BANDUNG"
134982,https://infokost.id/listing/kost-puri-syailendra/,Kost Puri Syailendra,"SUKAJADI, KOTA BANDUNG"
134971,https://infokost.id/listing/kost-ct-15/,Kost CT 15,"SUKAJADI, KOTA BANDUNG"
134963,https://infokost.id/listing/kost-rumah-ayumi/,Kost Rumah Ayumi,"SUKAJADI, KOTA BANDUNG"
134953,https://infokost.id/listing/kost-jk-sukajadi/,Kost JK Sukajadi,"SUKAJADI, KOTA BANDUNG"
134896,https://infokost.id/listing/kost-fortune-house/,Kost Fortune House,"SUKAJADI, KOTA BANDUNG"
134886,https://infokost.id/listing/kost-griya-anggrek/,Kost Griya Anggrek,"SUKAJADI, KOTA BANDUNG"
134875,https://infokost.id/listing/kost-campur-sukajadi/,Kost Campur Sukajadi,"SUKAJADI, KOTA BANDUNG"
134865,https://infokost.id/listing/kost-graha-setiabudi/,Kost Graha Setiabudi,"CIDADAP, KOTA BANDUNG"
134835,https://infokost.id/listing/kost-kuldesak/,Kost Kuldesak,"COBLONG, KOTA BANDUNG"
134826,https://infokost.id/listing/kost-enin-dago-asri/,Kost Enin Dago Asri,"COBLONG, KOTA BANDUNG"
134815,https://infokost.id/listing/kost-putri-adelia/,Kost Putri Adelia,"COBLONG, KOTA BANDUNG"
134805,https://infokost.id/listing/kost-putri-kanayakan-18/,Kost Putri Kanayakan 18,"COBLONG, KOTA BANDUNG"
134795,https://infokost.id/listing/kost-khusus-putri-zahra-coblong-bandung-2/,Kost Khusus Putri Zahra Coblong Bandung,"COBLONG, KOTA BANDUNG"
129405,https://infokost.id/listing/kost-muslimah-kosasi/,Kost Muslimah Kosasi,"CIBEUNYING KIDUL, KOTA BANDUNG"
50902,https://infokost.id/listing/kost-winne/,Kost Wine,"LENGKONG, KOTA BANDUNG"
129690,https://infokost.id/listing/kost-ar-royan/,Kost Ar-Royan,"SUKASARI, KOTA BANDUNG"
51812,https://infokost.id/listing/kost-ta-caringin/,Kost Ta Caringin,"JATINANGOR, KABUPATEN SUMEDANG"
128412,https://infokost.id/listing/kost-terusan-cikendi/,Kost Terusan Cikendi,"CIDADAP, KOTA BANDUNG"
115514,https://infokost.id/listing/wisma-mayangsari-jatinangor/,Kost Putri Wisma Mayangsari UNPAD Jatinangor,"JATINANGOR, KABUPATEN SUMEDANG"
125609,https://infokost.id/listing/kost-bukit-resik-3a/,Kost Bukit Resik 3A,"CIDADAP, KOTA BANDUNG"
122201,https://infokost.id/listing/kost-putri-bumi-campernik/,Kost Putri Bumi Campernik,"JATINANGOR, KABUPATEN SUMEDANG"
120834,https://infokost.id/listing/kost-49/,Kost 49,"JATINANGOR, KABUPATEN SUMEDANG"
116240,https://infokost.id/listing/sadang-green-kost/,SADANG GREEN KOST,"COBLONG, KOTA BANDUNG"
116182,https://infokost.id/listing/kost-nadine-regol/,Kost Nadine Regol,"REGOL, KOTA BANDUNG"
116157,https://infokost.id/listing/kost-residence-99/,Kost Residence 99,"COBLONG, KOTA BANDUNG"
116104,https://infokost.id/listing/kost-cibogo-31/,Kost Cibogo 31,"SUKAJADI, KOTA BANDUNG"
115926,https://infokost.id/listing/jabrix-hostel/,Jabrix Hostel,"BATUNUNGGAL, KOTA BANDUNG"
115766,https://infokost.id/listing/kost-immanuel-64/,Kost Immanuel 64,"BOJONGLOA KALER, KOTA BANDUNG"
115631,https://infokost.id/listing/kost-pa-ferry/,Kost Pa Ferry,"LENGKONG, KOTA BANDUNG"
115240,https://infokost.id/listing/kos-asri-jatinangor/,Kos Asri Jatinangor,"JATINANGOR, KABUPATEN SUMEDANG"
115000,https://infokost.id/listing/kost-dangdeur-indah-iii-no-5/,Kost Dangdeur Indah III No 5,"SUKAJADI, KOTA BANDUNG"
111427,https://infokost.id/listing/kost-tulip/,Kost Tulip,"CICENDO, KOTA BANDUNG"
114703,https://infokost.id/listing/kost-jati-24-lengkong/,Kost Jati 24 Lengkong,"LENGKONG, KOTA BANDUNG"
114655,https://infokost.id/listing/kost-de-5/,Kost De 5,"COBLONG, KOTA BANDUNG"
114550,https://infokost.id/listing/emji-kost/,Emji Kost,"CICENDO, KOTA BANDUNG"
114126,https://infokost.id/listing/alfa-house-kost/,Alfa House Kost,"PANYILEUKAN, KOTA BANDUNG"
114097,https://infokost.id/listing/kost-pu-5-ciumbuleuit/,Kost PU 5 Ciumbuleuit,"CIDADAP, KOTA BANDUNG"
114075,https://infokost.id/listing/kost-bj-36/,Kost BJ 36,"CIDADAP, KOTA BANDUNG"
113964,https://infokost.id/listing/kost-dormus-coliving-dennis/,Kost Dormus Coliving Dennis,"SUKAJADI, KOTA BANDUNG"
113719,https://infokost.id/listing/omah-wening/,Omah Wening,"CICENDO, KOTA BANDUNG"
112909,https://infokost.id/listing/home-inn-kostel/,Home Inn Kostel,"COBLONG, KOTA BANDUNG"
112074,https://infokost.id/listing/kozko-living/,Kozko Living,"JATINANGOR, KABUPATEN SUMEDANG"
111342,https://infokost.id/listing/kost-wira-23/,Kost Wira 23,"BANDUNG WETAN, KOTA BANDUNG"
111298,https://infokost.id/listing/kost-bios-garden-house/,Kost Bios Garden House,"SUKASARI, KOTA BANDUNG"
111282,https://infokost.id/listing/kost-cigadung-76a/,Kost Cigadung 76A,"CIBEUNYING KALER, KOTA BANDUNG"
111178,https://infokost.id/listing/beverly-park/,Beverly Park,"JATINANGOR, KABUPATEN SUMEDANG"
111164,https://infokost.id/listing/kost-java-retro-residence/,KOST JAVA RETRO RESIDENCE,"SUKAJADI, KOTA BANDUNG"
110933,https://infokost.id/listing/kost-pak-deddy-sukaati/,Kost Pak Deddy Sukaati,"REGOL, KOTA BANDUNG"
100115,https://infokost.id/listing/kosan-barokah-32/,Kosan Barokah 32,"ASTANAANYAR, KOTA BANDUNG"
110836,https://infokost.id/listing/kost-oong-coblong-bandung/,Kost Oong Coblong Bandung,"COBLONG, KOTA BANDUNG"
110673,https://infokost.id/listing/habibah-kost/,Habibah Kost,"CICENDO, KOTA BANDUNG"
110490,https://infokost.id/listing/kost-suka/,Kost Suka,"CICENDO, KOTA BANDUNG"
110065,https://infokost.id/listing/kost-sederhana-4/,Kost Sederhana 4,"SUKAJADI, KOTA BANDUNG"
109858,https://infokost.id/listing/sriwijaya-residence/,Sriwijaya Residence,"REGOL, KOTA BANDUNG"
109674,https://infokost.id/listing/kost-ronal-3/,Kost Ronal 3,"BUAHBATU, KOTA BANDUNG"
109600,https://infokost.id/listing/rumah-firdaus/,Rumah Firdaus,"COBLONG, KOTA BANDUNG"
109536,https://infokost.id/listing/kost-dago-asri-18-b/,Kost Dago Asri 18 B,"COBLONG, KOTA BANDUNG"
109460,https://infokost.id/listing/kost-anggrek-bulan/,Kost Anggrek Bulan,"COBLONG, KOTA BANDUNG"
109447,https://infokost.id/listing/kost-alis-ciumbuleuit/,Kost Alis Ciumbuleuit,"CIDADAP, KOTA BANDUNG"
109109,https://infokost.id/listing/mandiri-kost/,Mandiri Kost,"ASTANAANYAR, KOTA BANDUNG"
108549,https://infokost.id/listing/kost-wanoja-tipe-a-cibeunying-kidul-bandung/,Kost Wanoja Tipe A Cibeunying Kidul Bandung,"CIBEUNYING KIDUL, KOTA BANDUNG"
108536,https://infokost.id/listing/kost-dirgantara-v-bandung/,Kost Dirgantara V Bandung,"BANDUNG KULON, KOTA BANDUNG"
108065,https://infokost.id/listing/kost-rumah-kerlip/,Kost Rumah Kerlip,"COBLONG, KOTA BANDUNG"
107397,https://infokost.id/listing/kost-cisitu-indah-4/,Kost Cisitu Indah 4,"COBLONG, KOTA BANDUNG"
107381,https://infokost.id/listing/rumah-asri/,Rumah Asri,"SUKASARI, KOTA BANDUNG"
106922,https://infokost.id/listing/sukaraja-residence/,Sukaraja Residence,"SUKAJADI, KOTA BANDUNG"
105815,https://infokost.id/listing/arlya-kost/,Arlya Kost,"ANTAPANI, KOTA BANDUNG"
106649,https://infokost.id/listing/socialite-residence/,Socialite Residence,"DAYEUHKOLOT, KABUPATEN BANDUNG"
105844,https://infokost.id/listing/cisatu-coliving/,Cisatu Coliving,"CIDADAP, KOTA BANDUNG"
104424,https://infokost.id/listing/kost-cgs-82/,Kost CGS-82,"CIBEUNYING KALER, KOTA BANDUNG"
99899,https://infokost.id/listing/kost-pondok-tisa/,Kost Pondok Tisa,"CIMAHI SELATAN, KOTA CIMAHI"
99346,https://infokost.id/listing/yus-residence-pelesiran-16/,Yus Residence Pelesiran 16,"COBLONG, KOTA BANDUNG"
99257,https://infokost.id/listing/apartemen-parahyangan-residence/,Apartemen Parahyangan Residence,"CIDADAP, KOTA BANDUNG"
98964,https://infokost.id/listing/kost-dipati-ukur-coblong-bandung/,Kost Dipati Ukur Coblong Bandung,"COBLONG, KOTA BANDUNG"
98825,https://infokost.id/listing/dara-dara-kost/,Dara Dara Kost,"COBLONG, KOTA BANDUNG"
98620,https://infokost.id/listing/green-house-2/,Green House,"COBLONG, KOTA BANDUNG"
96219,https://infokost.id/listing/kost-exclusive-sofia-house-bandung/,Kost Exclusive Sofia House Bandung,"SUKAJADI, KOTA BANDUNG"
97886,https://infokost.id/listing/uvillage/,UVillage,"CIDADAP, KOTA BANDUNG"
97796,https://infokost.id/listing/imperial-f-12/,Imperial F 12,"COBLONG, KOTA BANDUNG"
97849,https://infokost.id/listing/moona-kost-homestay/,Moona Kost & Homestay,"BOJONGSOANG, KABUPATEN BANDUNG"
97765,https://infokost.id/listing/kost-pbb-g50/,Kost PBB G50,", KABUPATEN BANDUNG"
95045,https://infokost.id/listing/kost-andrian-sukasari-bandung/,Kost Andrian Sukasari Bandung,"SUKASARI, KOTA BANDUNG"
96216,https://infokost.id/listing/kost-exclusive-setiabudhi-cidadap-bandung/,Kost Exclusive Setiabudhi Cidadap Bandung,"COBLONG, KOTA BANDUNG"
96213,https://infokost.id/listing/kost-exclusive-sarijadi-93-tipe-a-sukasari-bandung/,Kost Exclusive Sarijadi 93 Tipe A Sukasari Bandung,"SUKASARI, KOTA BANDUNG"
96210,https://infokost.id/listing/kost-exclusive-polban-sukasari-bandung/,Kost Exclusive Polban Sukasari Bandung,"SUKASARI, KOTA BANDUNG"
96207,https://infokost.id/listing/kost-exclusive-pia-bandung-kidul-bandung/,Kost Exclusive Pia Bandung Kidul Bandung,"SUKASARI, KOTA BANDUNG"
96204,https://infokost.id/listing/kost-exclusive-kyubik-tamansari-bandung-wetan/,Kost Exclusive Kyubik Tamansari Bandung Wetan,"BANDUNG KIDUL, KOTA BANDUNG"
96201,https://infokost.id/listing/kost-exclusive-dagos-hill-coblong-bandung/,Kost Exclusive Dago’S Hill Coblong Bandung,"BANDUNG WETAN, KOTA BANDUNG"
96198,https://infokost.id/listing/kost-exclusive-cipaganti-sukajadi-bandung/,Kost Exclusive Cipaganti Sukajadi Bandung,"COBLONG, KOTA BANDUNG"
96195,https://infokost.id/listing/kost-exclusive-campur-pasteur-sukajadi-bandung/,Kost Exclusive Campur Pasteur Sukajadi Bandung,"SUKAJADI, KOTA BANDUNG"
96189,https://infokost.id/listing/kost-exclusive-babakan-jeruk-1-sukajadi-bandung/,Kost Exclusive Babakan Jeruk 1 Sukajadi Bandung,"CIDADAP, KOTA BANDUNG"
96186,https://infokost.id/listing/kost-exclusive-1-cipaganti-sukajadi-bandung/,Kost Exclusive 1 Cipaganti Sukajadi Bandung,"SUKAJADI, KOTA BANDUNG"
96183,https://infokost.id/listing/kost-excluife-pasir-kaliki-cicendo-bandung/,Kost Excluife Pasir Kaliki Cicendo Bandung,"COBLONG, KOTA BANDUNG"
96180,https://infokost.id/listing/kost-excellent-seven-pasteur-pasir-kaliki-cicendo-bandung/,Kost Excellent Seven Pasteur Pasir Kaliki Cicendo Bandung,"CICENDO, KOTA BANDUNG"
96177,https://infokost.id/listing/kost-evergreen-sukajadi-bandung/,Kost Evergreen Sukajadi Bandung,"CICENDO, KOTA BANDUNG"
96174,https://infokost.id/listing/kost-evan-tipe-a-cicendo-bandung/,Kost Evan Tipe A Cicendo Bandung,"SUKAJADI, KOTA BANDUNG"
96171,https://infokost.id/listing/kost-erzayo-sukasari-bandung/,Kost Erzayo Sukasari Bandung,"CICENDO, KOTA BANDUNG"
96168,https://infokost.id/listing/kost-erns-tipe-a-coblong-bandung/,Kost Erns Tipe A Coblong Bandung,"SUKASARI, KOTA BANDUNG"
96165,https://infokost.id/listing/kost-erde-housing-coblong-bandung/,Kost ERDE Housing Coblong Bandung,"COBLONG, KOTA BANDUNG"
96162,https://infokost.id/listing/kost-erco-official-sukasari-bandung/,Kost ERco Official Sukasari Bandung,"COBLONG, KOTA BANDUNG"
96159,https://infokost.id/listing/kost-enin-babakan-jeruk-sukajadi-bandung/,Kost Enin Babakan Jeruk Sukajadi Bandung,"SUKASARI, KOTA BANDUNG"
96156,https://infokost.id/listing/kost-eman-sulaeman-tipe-a-sukajadi-bandung/,Kost Eman Sulaeman Tipe A Sukajadi Bandung,"SUKAJADI, KOTA BANDUNG"
96153,https://infokost.id/listing/kost-elsan-house-coblong-bandung/,Kost Elsan House Coblong Bandung,"SUKAJADI, KOTA BANDUNG"
96150,https://infokost.id/listing/kost-elise-tipe-a-bandung-wetan/,Kost Elise Tipe A Bandung Wetan,"COBLONG, KOTA BANDUNG"
96147,https://infokost.id/listing/kost-elenors-eyckman-sukajadi-bandung/,Kost Elenor’S Eyckman Sukajadi Bandung,"BANDUNG WETAN, KOTA BANDUNG"
96144,https://infokost.id/listing/kost-ela-cisitu-coblong-bandung/,Kost Ela Cisitu Coblong Bandung,"COBLONG, KOTA BANDUNG"
96141,https://infokost.id/listing/kost-ekslusif-kanayakan-baru-dago-coblong-bandung/,Kost Ekslusif Kanayakan Baru Dago Coblong Bandung,"COBLONG, KOTA BANDUNG"
96138,https://infokost.id/listing/kost-ekslusif-dago-kanayakan-coblong-bandung/,Kost Ekslusif Dago Kanayakan Coblong Bandung,"COBLONG, KOTA BANDUNG"
96135,https://infokost.id/listing/kost-eksklusif-sweet-karina-babakan-jeruk-bandung/,Kost Eksklusif Sweet Karina Babakan Jeruk Bandung,"COBLONG, KOTA BANDUNG"
96132,https://infokost.id/listing/kost-eksklusif-roesnawi-cipaganti-cicendo-bandung/,Kost Eksklusif Roesnawi Cipaganti Cicendo Bandung,"SUKAJADI, KOTA BANDUNG"
96129,https://infokost.id/listing/kost-eksklusif-ridha-tubagus-ismail-coblong-bandung/,Kost Eksklusif Ridha Tubagus Ismail Coblong Bandung,"CICENDO, KOTA BANDUNG"
96126,https://infokost.id/listing/kost-eksklusif-ecodelta-sukajadi-bandung/,Kost Eksklusif Ecodelta Sukajadi Bandung,"COBLONG, KOTA BANDUNG"
96123,https://infokost.id/listing/kost-eksklusif-dago-vip-coblong-bandung/,Kost Eksklusif Dago VIP Coblong Bandung,"SUKAJADI, KOTA BANDUNG"
96120,https://infokost.id/listing/kost-eksklusif-cihapit-tipe-a-bandung-wetan-bandung/,Kost Eksklusif Cihapit Tipe A Bandung Wetan Bandung,"COBLONG, KOTA BANDUNG"
96117,https://infokost.id/listing/kost-eksklusif-cihapit-bandung-wetan-bandung/,Kost Eksklusif Cihapit Bandung Wetan Bandung,"BANDUNG WETAN, KOTA BANDUNG"
96114,https://infokost.id/listing/kost-eksklusif-cicendo-bandung/,Kost Eksklusif Cicendo Bandung,"BANDUNG WETAN, KOTA BANDUNG"
96111,https://infokost.id/listing/kost-eksklusif-assakinah-tubagus-ismail-coblong-bandung/,Kost Eksklusif Assakinah Tubagus Ismail Coblong Bandung,"CICENDO, KOTA BANDUNG"
96108,https://infokost.id/listing/kost-educada-42-sukasari-bandung/,Kost Educada 42 Sukasari Bandung,"COBLONG, KOTA BANDUNG"
96105,https://infokost.id/listing/kost-edsus-243-b-sukasari-bandung/,Kost Edsus 243 B Sukasari Bandung,"SUKASARI, KOTA BANDUNG"
96102,https://infokost.id/listing/kost-edin-sukagalih-sukajadi-bandung/,Kost Edin Sukagalih Sukajadi Bandung,"SUKASARI, KOTA BANDUNG"
96099,https://infokost.id/listing/kost-earth-sukasari-bandung/,Kost Earth Sukasari Bandung,"PASEH, KABUPATEN BANDUNG"
96096,https://infokost.id/listing/kost-dunia-cidadap-bandung/,Kost Dunia Cidadap Bandung,"SUKASARI, KOTA BANDUNG"
96093,https://infokost.id/listing/kost-dua-tiga-tipe-a-coblong-bandung/,Kost Dua Tiga Tipe A Coblong Bandung,"CIKANCUNG, KABUPATEN BANDUNG"
96090,https://infokost.id/listing/kost-dreaminn-pasteur-maranatha-airport-bandara-husein-sukajadi-bandung/,Kost Dreaminn Pasteur Maranatha Airport Bandara Husein Sukajadi Bandung,"COBLONG, KOTA BANDUNG"
96087,https://infokost.id/listing/kost-dofe-cidadap-bandung/,Kost Dofe Cidadap Bandung,"SUKAJADI, KOTA BANDUNG"
96084,https://infokost.id/listing/kost-dodi-setiabudhi-tipe-a-sukasari-bandung/,Kost Dodi Setiabudhi Tipe A Sukasari Bandung,"CIDADAP, KOTA BANDUNG"
96081,https://infokost.id/listing/kost-dodi-ciwaruga-parongpong-bandung-barat/,Kost Dodi Ciwaruga Parongpong Bandung Barat,"SUKASARI, KOTA BANDUNG"
96078,https://infokost.id/listing/kost-dnd-cidadap-bandung/,Kost Dnd Cidadap Bandung,"PARONGPONG, KABUPATEN BANDUNG BARAT"
96075,https://infokost.id/listing/kost-dkt-pvj-sukajadi-bandung/,Kost Dkt PVJ Sukajadi Bandung,"CIKANCUNG, KABUPATEN BANDUNG"
96072,https://infokost.id/listing/kost-djapa-sukasari-bandung/,Kost Djapa Sukasari Bandung,"PASEH, KABUPATEN BANDUNG"
96069,https://infokost.id/listing/kost-djapa-room-tipe-a-sukasari-bandung/,Kost Djapa Room Tipe A Sukasari Bandung,"SUKASARI, KOTA BANDUNG"
96066,https://infokost.id/listing/kost-diyanda-cicendo-bandung/,Kost Diyanda Cicendo Bandung,"SUKASARI, KOTA BANDUNG"
96063,https://infokost.id/listing/kost-diraben-c-cidadap-bandung/,Kost DiRaben C Cidadap Bandung,"CICENDO, KOTA BANDUNG"
96060,https://infokost.id/listing/kost-dipatiukur-9-coblong-bandung/,Kost Dipatiukur 9 Coblong Bandung,"CIDADAP, KOTA BANDUNG"
96054,https://infokost.id/listing/kost-dinata-coblong-bandung/,Kost Dinata Coblong Bandung,"COBLONG, KOTA BANDUNG"
96051,https://infokost.id/listing/kost-dinasti-coblong-bandung/,Kost Dinasti Coblong Bandung,"COBLONG, KOTA BANDUNG"
96048,https://infokost.id/listing/kost-dinamika-dago-bandung/,Kost Dinamika Dago Bandung,"COBLONG, KOTA BANDUNG"
96045,https://infokost.id/listing/kost-diki-sukajadi-bandung/,Kost Diki Sukajadi Bandung,"COBLONG, KOTA BANDUNG"
96042,https://infokost.id/listing/kost-didago-coblong-bandung/,Kost Didago Coblong Bandung,"SUKAJADI, KOTA BANDUNG"
96039,https://infokost.id/listing/kost-dicky-the-jarrdin-cihampelas-bandung/,Kost Dicky The Jarrdin Cihampelas Bandung,"COBLONG, KOTA BANDUNG"
96036,https://infokost.id/listing/kost-dians-coblong-bandung/,Kost Dians Coblong Bandung,"COBLONG, KOTA BANDUNG"
96033,https://infokost.id/listing/kost-diamond-cisitu-coblong-bandung/,Kost Diamond Cisitu Coblong Bandung,"COBLONG, KOTA BANDUNG"
96030,https://infokost.id/listing/kost-di-jalan-tubagus-ismail-tipe-a-bandung/,Kost Di Jalan Tubagus Ismail Tipe A Bandung,"COBLONG, KOTA BANDUNG"
96024,https://infokost.id/listing/kost-dhomey-1-tipe-vip-sukajadi-bandung/,Kost DHomey 1 Tipe Vip Sukajadi Bandung,"SUKAJADI, KOTA BANDUNG"
96021,https://infokost.id/listing/kost-dewi-setiabudhi-sukasari-bandung/,Kost Dewi Setiabudhi Sukasari Bandung,"SUKAJADI, KOTA BANDUNG"
96018,https://infokost.id/listing/kost-dewa-kopo-bojongloa-kaler-bandung/,Kost Dewa Kopo Bojongloa Kaler Bandung,"SUKASARI, KOTA BANDUNG"
96016,https://infokost.id/listing/kost-delapan-8-regol-bandung/,Kost Delapan (8) Regol Bandung,"BOJONGLOA KIDUL, KOTA BANDUNG"
96013,https://infokost.id/listing/kost-dekost-cidadap-bandung/,Kost DeKost Cidadap Bandung,"REGOL, KOTA BANDUNG"
96010,https://infokost.id/listing/kost-deha-coblong-bandung/,Kost Deha Coblong Bandung,"CIKANCUNG, KABUPATEN BANDUNG"
96007,https://infokost.id/listing/kost-deeva-coblong-dago-bandung/,Kost Deeva Coblong Dago Bandung,"COBLONG, KOTA BANDUNG"
96004,https://infokost.id/listing/kost-deeva-2-coblong-bandung/,Kost Deeva 2 Coblong Bandung,"COBLONG, KOTA BANDUNG"
96001,https://infokost.id/listing/kost-de-sun-pasteur-sukajadi-bandung/,Kost De Sun Pasteur Sukajadi Bandung,"COBLONG, KOTA BANDUNG"
95998,https://infokost.id/listing/kost-de-5-coblong-bandung/,Kost De 5 Coblong Bandung,"SUKAJADI, KOTA BANDUNG"
95995,https://infokost.id/listing/kost-ddd-cibeunying-kaler-bandung/,Kost DDD Cibeunying Kaler Bandung,"COBLONG, KOTA BANDUNG"
95992,https://infokost.id/listing/kost-dayang-sumbi-coblong-bandung/,Kost Dayang Sumbi Coblong Bandung,"CIBEUNYING KALER, KOTA BANDUNG"
95986,https://infokost.id/listing/kost-dani-tipe-c-tamansari-bandung-wetan/,Kost Dani Tipe C Tamansari Bandung Wetan,"CICENDO, KOTA BANDUNG"
95983,https://infokost.id/listing/kost-dani-sukajadi-bandung/,Kost Dani Sukajadi Bandung,"BANDUNG WETAN, KOTA BANDUNG"
95981,https://infokost.id/listing/kost-dangdeur-indah-iii-sukajadi-bandung/,Kost Dangdeur Indah III Sukajadi Bandung,"SUKAJADI, KOTA BANDUNG"
95978,https://infokost.id/listing/kost-damai-gagak-coblong-bandung/,Kost Damai Gagak Coblong Bandung,"SUKAJADI, KOTA BANDUNG"
95975,https://infokost.id/listing/kost-dagos-hill-coblong-bandung/,Kost Dago’S Hill Coblong Bandung,"COBLONG, KOTA BANDUNG"
95972,https://infokost.id/listing/kost-dago-sheraton-coblong-bandung/,Kost Dago Sheraton Coblong Bandung,"COBLONG, KOTA BANDUNG"
95969,https://infokost.id/listing/kost-dago-pojok-coblong-bandung/,Kost Dago Pojok Coblong Bandung,"COBLONG, KOTA BANDUNG"
95966,https://infokost.id/listing/kost-dago-pojok-batan-coblong-bandung/,Kost Dago Pojok Batan Coblong Bandung,"COBLONG, KOTA BANDUNG"
95963,https://infokost.id/listing/kost-dago-pojok-44-tipe-a-coblong-bandung/,Kost Dago Pojok 44 Tipe A Coblong Bandung,"COBLONG, KOTA BANDUNG"
95960,https://infokost.id/listing/kost-dago-pojok-39-coblong-bandung/,Kost Dago Pojok 39 Coblong Bandung,"COBLONG, KOTA BANDUNG"
95954,https://infokost.id/listing/kost-dago-coblong-bandung/,Kost Dago Coblong Bandung,"COBLONG, KOTA BANDUNG"
95951,https://infokost.id/listing/kost-dago-bangbayang-residence-coblong-bandung/,Kost Dago Bangbayang Residence Coblong Bandung,"COBLONG, KOTA BANDUNG"
95948,https://infokost.id/listing/kost-dago-bangbayang-bu-eny-tipe-a-coblong-bandung/,Kost Dago Bangbayang Bu Eny Tipe A Coblong Bandung,"COBLONG, KOTA BANDUNG"
95945,https://infokost.id/listing/kost-dago-asri-tipe-standar-coblong-bandung/,Kost Dago Asri Tipe Standar Coblong Bandung,"COBLONG, KOTA BANDUNG"
95942,https://infokost.id/listing/kost-dago-asri-tipe-a-coblong-bandung/,Kost Dago Asri Tipe A Coblong Bandung,"COBLONG, KOTA BANDUNG"
95939,https://infokost.id/listing/kost-dago-asri-coblong-bandung/,Kost Dago Asri Coblong Bandung,"COBLONG, KOTA BANDUNG"
95933,https://infokost.id/listing/kost-dago-340-5-coblong-bandung/,Kost Dago 340/5 Coblong Bandung,"COBLONG, KOTA BANDUNG"
95930,https://infokost.id/listing/kost-dago-227-bandung/,Kost Dago 227 Bandung,"COBLONG, KOTA BANDUNG"
95927,https://infokost.id/listing/kost-dadang-sukajadi-bandung/,Kost Dadang Sukajadi Bandung,"COBLONG, KOTA BANDUNG"
95924,https://infokost.id/listing/kost-dac-16-coblong-bandung/,Kost DAC 16 Coblong Bandung,"SUKAJADI, KOTA BANDUNG"
95921,https://infokost.id/listing/kost-dd-residence-tipe-f-sukajadi-bandung/,Kost D&D Residence Tipe F Sukajadi Bandung,"COBLONG, KOTA BANDUNG"
95915,https://infokost.id/listing/kost-d-shaft-bandung-wetan/,Kost D Shaft Bandung Wetan,"CIKANCUNG, KABUPATEN BANDUNG"
95912,https://infokost.id/listing/kost-cst-9-dago-bandung/,Kost CST 9 Dago Bandung,"BANDUNG WETAN, KOTA BANDUNG"
95909,https://infokost.id/listing/kost-csi-dago-coblong-bandung/,Kost CSI Dago Coblong Bandung,"COBLONG, KOTA BANDUNG"
95906,https://infokost.id/listing/kost-csi-1-coblong-bandung/,Kost CSI 1 Coblong Bandung,"COBLONG, KOTA BANDUNG"
95903,https://infokost.id/listing/kost-cozy-place-tipe-a-sukasari-bandung/,Kost Cozy Place Tipe A Sukasari Bandung,"COBLONG, KOTA BANDUNG"
95900,https://infokost.id/listing/kost-cozy-cigadung-cibeunying-kaler-bandung/,Kost Cozy Cigadung Cibeunying Kaler Bandung,"SUKASARI, KOTA BANDUNG"
95897,https://infokost.id/listing/kost-comfy-homy-tipe-large-coblong-bandung/,Kost Comfy Homy Tipe Large Coblong Bandung,"CIBEUNYING KALER, KOTA BANDUNG"
95894,https://infokost.id/listing/kost-coker-cicendo-bandung/,Kost Coker Cicendo Bandung,"COBLONG, KOTA BANDUNG"
95891,https://infokost.id/listing/kost-clover-coblong-bandung/,Kost Clover Coblong Bandung,"CICENDO, KOTA BANDUNG"
95888,https://infokost.id/listing/kost-civ13-dago-bandung/,Kost Civ13 Dago Bandung,"COBLONG, KOTA BANDUNG"
95885,https://infokost.id/listing/kost-ciung-eksklusif-coblong-bandung/,Kost Ciung Eksklusif Coblong Bandung,"COBLONG, KOTA BANDUNG"
95882,https://infokost.id/listing/kost-ciung-9-coblong-bandung-rmz/,Kost Ciung 9 Coblong Bandung RMZ,"COBLONG, KOTA BANDUNG"
95879,https://infokost.id/listing/kost-ciumbuluit-133-cidadap-bandung/,Kost Ciumbuluit 133 Cidadap Bandung,"COBLONG, KOTA BANDUNG"
95876,https://infokost.id/listing/kost-ciumbuleuit-tipe-a-cidadap-bandung/,Kost Ciumbuleuit Tipe A Cidadap Bandung,"CIKANCUNG, KABUPATEN BANDUNG"
95873,https://infokost.id/listing/kost-ciumbuleuit-cidadap-bandung/,Kost Ciumbuleuit Cidadap Bandung,"CIKANCUNG, KABUPATEN BANDUNG"
95870,https://infokost.id/listing/kost-ciumbuleuit-66-tipe-a-cidadap-bandung/,Kost Ciumbuleuit 66 Tipe A Cidadap Bandung,"CIKANCUNG, KABUPATEN BANDUNG"
95867,https://infokost.id/listing/kost-ciumbuleuit-46-tipe-a1-cidadap-bandung/,Kost Ciumbuleuit 46 Tipe A1 Cidadap Bandung,"CIKANCUNG, KABUPATEN BANDUNG"
95861,https://infokost.id/listing/kost-citepus-28-cicendo-bandung/,Kost Citepus 28 Cicendo Bandung,"CICENDO, KOTA BANDUNG"
95855,https://infokost.id/listing/kost-cisitu-indah-tipe-a-coblong-bandung/,Kost Cisitu Indah Tipe A Coblong Bandung,"COBLONG, KOTA BANDUNG"
95852,https://infokost.id/listing/kost-cisitu-indah-residence-dago-bandung/,Kost Cisitu Indah Residence Dago Bandung,"COBLONG, KOTA BANDUNG"
95849,https://infokost.id/listing/kost-cisitu-indah-ibu-yeti-tipe-b-coblong-bandung/,Kost Cisitu Indah Ibu Yeti Tipe B Coblong Bandung,"COBLONG, KOTA BANDUNG"
95846,https://infokost.id/listing/kost-cisitu-indah-i-16-tipe-a-coblong-bandung/,Kost Cisitu Indah I 16 Tipe A Coblong Bandung,"COBLONG, KOTA BANDUNG"
95843,https://infokost.id/listing/kost-cisitu-indah-dago-coblong-bandung/,Kost Cisitu Indah Dago Coblong Bandung,"COBLONG, KOTA BANDUNG"
95840,https://infokost.id/listing/kost-cisitu-indah-coblong-bandung/,Kost Cisitu Indah Coblong Bandung,"COBLONG, KOTA BANDUNG"
95837,https://infokost.id/listing/kost-cisitu-indah-4-coblong-bandung/,Kost Cisitu Indah 4 Coblong Bandung,"COBLONG, KOTA BANDUNG"
95834,https://infokost.id/listing/kost-cisitu-indah-2-coblong-bandung/,Kost Cisitu Indah 2 Coblong Bandung,"COBLONG, KOTA BANDUNG"
95831,https://infokost.id/listing/kost-cisitu-indah-14-tipe-a-coblong-bandung/,Kost Cisitu Indah 14 Tipe A Coblong Bandung,"COBLONG, KOTA BANDUNG"
95828,https://infokost.id/listing/kost-cisitu-dago-coblong-bandung/,Kost Cisitu Dago Coblong Bandung,"COBLONG, KOTA BANDUNG"
95825,https://infokost.id/listing/kost-cisitu-baru-78-coblong-bandung/,Kost Cisitu Baru 78 Coblong Bandung,"COBLONG, KOTA BANDUNG"
95822,https://infokost.id/listing/kost-cisitu-9-coblong-bandung/,Kost Cisitu 9 Coblong Bandung,"COBLONG, KOTA BANDUNG"
95816,https://infokost.id/listing/kost-cisitu-22-ii-tipe-a-coblong-bandung/,Kost Cisitu 22 II Tipe A Coblong Bandung,"COBLONG, KOTA BANDUNG"
95813,https://infokost.id/listing/kost-cisitu-22-i-tipe-a-coblong-bandung/,Kost Cisitu 22 I Tipe A Coblong Bandung,"COBLONG, KOTA BANDUNG"
95810,https://infokost.id/listing/kost-cisdah-15-tipe-a-coblong-bandung/,Kost Cisdah 15 Tipe A Coblong Bandung,"COBLONG, KOTA BANDUNG"
95807,https://infokost.id/listing/kost-ciroyom-andrir-bandung/,Kost Ciroyom Andrir Bandung,"COBLONG, KOTA BANDUNG"
95804,https://infokost.id/listing/kost-cipedes-tipe-a-sukasari-bandung/,Kost Cipedes Tipe A Sukasari Bandung,"ANDIR, KOTA BANDUNG"
95801,https://infokost.id/listing/kost-cipedes-tengah-tipe-b-sukajadi-bandung/,Kost Cipedes Tengah Tipe B Sukajadi Bandung,"SUKASARI, KOTA BANDUNG"
95798,https://infokost.id/listing/kost-cipedes-tengah-no-189-sukajadi-bandung/,Kost Cipedes Tengah No 189 Sukajadi Bandung,"SUKAJADI, KOTA BANDUNG"
95795,https://infokost.id/listing/kost-cipedes-tengah-gang-h-idris-sukajadi-bandung/,Kost Cipedes Tengah Gang H.Idris Sukajadi Bandung,"SUKAJADI, KOTA BANDUNG"
95792,https://infokost.id/listing/kost-cipedes-tengah-189-sukajadi-bandung/,Kost Cipedes Tengah 189 Sukajadi Bandung,"PASEH, KABUPATEN BANDUNG"
95789,https://infokost.id/listing/kost-cipedes-sukasari-bandung/,Kost Cipedes Sukasari Bandung,"SUKAJADI, KOTA BANDUNG"
95786,https://infokost.id/listing/kost-cipedes-97-keyz-kamar-b1-sukasari-bandung/,Kost Cipedes 97 Keyz Kamar B1 Sukasari Bandung,"SUKASARI, KOTA BANDUNG"
95783,https://infokost.id/listing/kost-cipedes-97-keyz-a-6-sukasari-bandung/,Kost Cipedes 97 Keyz A 6 Sukasari Bandung,"SUKASARI, KOTA BANDUNG"
95780,https://infokost.id/listing/kost-cipedes-227-sukajadi-bandung/,Kost Cipedes 227 Sukajadi Bandung,"SUKASARI, KOTA BANDUNG"
95774,https://infokost.id/listing/kost-cipaganti-tipe-b-coblong-bandung/,Kost Cipaganti Tipe B Coblong Bandung,"CIKANCUNG, KABUPATEN BANDUNG"
95771,https://infokost.id/listing/kost-cipaganti-44-35a-sukajadi-bandung/,Kost Cipaganti 44/35a Sukajadi Bandung,"COBLONG, KOTA BANDUNG"
95768,https://infokost.id/listing/kost-cinta-wangi-coblong-bandung/,Kost Cinta Wangi Coblong Bandung,"LEMBANG, KABUPATEN BANDUNG BARAT"
95765,https://infokost.id/listing/kost-cinnamon-sukajadi-bandung/,Kost Cinnamon Sukajadi Bandung,"COBLONG, KOTA BANDUNG"
95762,https://infokost.id/listing/kost-cinnamon-babakan-jeruk-sukajadi-bandung/,Kost Cinnamon Babakan Jeruk Sukajadi Bandung,"SUKAJADI, KOTA BANDUNG"
95759,https://infokost.id/listing/kost-cimbulueit-resident-cidadap-bandung/,Kost Cimbulueit Resident Cidadap Bandung,"SUKAJADI, KOTA BANDUNG"
95756,https://infokost.id/listing/kost-cimbuleuit-169-cidadap-bandung/,Kost Cimbuleuit 169 Cidadap Bandung,"CIKANCUNG, KABUPATEN BANDUNG"
95753,https://infokost.id/listing/kost-cikendi-100-cidadap-bandung/,Kost Cikendi 100 Cidadap Bandung,"CIDADAP, KOTA BANDUNG"
95750,https://infokost.id/listing/kost-ciheulang-tipe-standar-coblong-bandung/,Kost Ciheulang Tipe Standar Coblong Bandung,"CIKANCUNG, KABUPATEN BANDUNG"
95747,https://infokost.id/listing/kost-ciheulang-baru-3-tubagus-ismail-bandung/,Kost Ciheulang Baru 3 Tubagus Ismail Bandung,"COBLONG, KOTA BANDUNG"
95744,https://infokost.id/listing/kost-ciheulang-baru-1-coblong-bandung/,Kost Ciheulang Baru 1 Coblong Bandung,"COBLONG, KOTA BANDUNG"
95741,https://infokost.id/listing/kost-cihaur-tipe-a-coblong-bandung/,Kost Cihaur Tipe A Coblong Bandung,"COBLONG, KOTA BANDUNG"
95738,https://infokost.id/listing/kost-cibogoatas-sukawarna-sukajadi-bandung/,Kost Cibogoatas Sukawarna Sukajadi Bandung,"COBLONG, KOTA BANDUNG"
95735,https://infokost.id/listing/kost-cibogo-sukajadi-bandung/,Kost Cibogo Sukajadi Bandung,"SUKAJADI, KOTA BANDUNG"
95732,https://infokost.id/listing/kost-cibogo-sm91-sukajadi-bandung/,Kost Cibogo SM91 Sukajadi Bandung,"SUKAJADI, KOTA BANDUNG"
95729,https://infokost.id/listing/kost-cibogo-homes-eksklusif-tipe-b-sukajadi-bandung/,Kost Cibogo Homes Eksklusif Tipe B Sukajadi Bandung,"SUKAJADI, KOTA BANDUNG"
95726,https://infokost.id/listing/kost-cibogo-atas-sukajadi-bandung/,Kost Cibogo Atas Sukajadi Bandung,"SUKAJADI, KOTA BANDUNG"
95723,https://infokost.id/listing/kost-cibogo-55-exclusive-living-sukajadi-bandung/,Kost Cibogo 55 Exclusive Living Sukajadi Bandung,"SUKAJADI, KOTA BANDUNG"
95720,https://infokost.id/listing/kost-cibogo-312-sukajadi-bandung/,Kost Cibogo 312 Sukajadi Bandung,"SUKAJADI, KOTA BANDUNG"
95717,https://infokost.id/listing/kost-cibogo-31-tipe-a-sukajadi-bandung/,Kost Cibogo 31 Tipe A Sukajadi Bandung,"SUKAJADI, KOTA BANDUNG"
95714,https://infokost.id/listing/kost-cibogo-25-c-pasteur-tipe-a-sukajadi-bandung/,Kost Cibogo 25 C Pasteur Tipe A Sukajadi Bandung,"SUKAJADI, KOTA BANDUNG"
95711,https://infokost.id/listing/kost-cibarengkok-9-sukajadi-bandung/,Kost Cibarengkok 9 Sukajadi Bandung,"SUKAJADI, KOTA BANDUNG"
95705,https://infokost.id/listing/kost-chelsea-home-pasteur-bandung/,Kost Chelsea Home Pasteur Bandung,"SUKAJADI, KOTA BANDUNG"
95702,https://infokost.id/listing/kost-ceria-1-coblong-bandung/,Kost Ceria 1 Coblong Bandung,"SUKAJADI, KOTA BANDUNG"
95699,https://infokost.id/listing/kost-cenzahouse-coblong-bandung/,KOst Cenzahouse Coblong Bandung,"COBLONG, KOTA BANDUNG"
95696,https://infokost.id/listing/kost-centro-residences-cicendo-bandung/,Kost Centro Residences Cicendo Bandung,"COBLONG, KOTA BANDUNG"
95693,https://infokost.id/listing/kost-cendana-coblong-bandung/,Kost Cendana Coblong Bandung,"CICENDO, KOTA BANDUNG"
95690,https://infokost.id/listing/kost-cemara-sukajadi-bandung/,Kost Cemara Sukajadi Bandung,"COBLONG, KOTA BANDUNG"
95687,https://infokost.id/listing/kost-cemara-selatan-tipe-a-sukajadi-bandung/,Kost Cemara Selatan Tipe A Sukajadi Bandung,"SUKAJADI, KOTA BANDUNG"
95684,https://infokost.id/listing/kost-cemara-kmd-sukajadi-bandung/,Kost Cemara KMD Sukajadi Bandung,"SUKAJADI, KOTA BANDUNG"
95681,https://infokost.id/listing/kost-cemara-bpk-seto-sukajadi-bandung/,Kost Cemara Bpk Seto Sukajadi Bandung,"SUKAJADI, KOTA BANDUNG"
95678,https://infokost.id/listing/kost-cemara-5-tipe-a-sukajadi-bandung/,Kost Cemara 5 Tipe A Sukajadi Bandung,"SUKAJADI, KOTA BANDUNG"
95675,https://infokost.id/listing/kost-cemara-458-sukajadi-bandung/,Kost Cemara 458 Sukajadi Bandung,"SUKAJADI, KOTA BANDUNG"
95672,https://infokost.id/listing/kost-casa-teta-tipe-a-cibeunying-kaler-bandung/,Kost Casa Teta Tipe A Cibeunying Kaler Bandung,"SUKAJADI, KOTA BANDUNG"
95669,https://infokost.id/listing/kost-casa-mia-exclusive-pasteur-sukajadi-bandung/,Kost Casa Mia Exclusive Pasteur Sukajadi Bandung,"CIBEUNYING KALER, KOTA BANDUNG"
95666,https://infokost.id/listing/kost-casa-feby-jeruk-citrun-sukajadi-bandung/,Kost Casa Feby Jeruk Citrun Sukajadi Bandung,"SUKAJADI, KOTA BANDUNG"
95663,https://infokost.id/listing/kost-cartika-tipe-b-sukasari-bandung/,Kost Cartika Tipe B Sukasari Bandung,"SUKAJADI, KOTA BANDUNG"
95660,https://infokost.id/listing/kost-cartika-sukasari-bandung/,Kost Cartika Sukasari Bandung,"SUKASARI, KOTA BANDUNG"
95657,https://infokost.id/listing/kost-campur-sukajadi-bandung/,Kost Campur Sukajadi Bandung,"SUKASARI, KOTA BANDUNG"
95654,https://infokost.id/listing/kost-cahaya-rahayu-bandung/,Kost Cahaya Rahayu Bandung,"SUKAJADI, KOTA BANDUNG"
95651,https://infokost.id/listing/kost-cabana-guest-house-bandung/,Kost Cabana Guest House Bandung,"COBLONG, KOTA BANDUNG"
95648,https://infokost.id/listing/kost-busas-cidadap-bandung/,Kost Busas Cidadap Bandung,"SUKAJADI, KOTA BANDUNG"
95645,https://infokost.id/listing/kost-burger-coblong-bandung/,Kost Burger Coblong Bandung,"CIKANCUNG, KABUPATEN BANDUNG"
95642,https://infokost.id/listing/kost-bungur-33-sukajadi-bandung/,Kost Bungur 33 Sukajadi Bandung,"COBLONG, KOTA BANDUNG"
95639,https://infokost.id/listing/kost-bunda-ziandru-coblong-bandung/,Kost Bunda Ziandru Coblong Bandung,"PASEH, KABUPATEN BANDUNG"
95636,https://infokost.id/listing/kost-bunda-tipe-a-cidadap-bandung/,Kost Bunda Tipe A Cidadap Bandung,"COBLONG, KOTA BANDUNG"
95633,https://infokost.id/listing/kost-bunda-rita-cisitu-lama-coblong-bandung/,Kost Bunda Rita Cisitu Lama Coblong Bandung,"CIKANCUNG, KABUPATEN BANDUNG"
95630,https://infokost.id/listing/kost-bunda-4-bojongloa-kidul-bandung/,Kost Bunda 4 Bojongloa Kidul Bandung,"COBLONG, KOTA BANDUNG"
95627,https://infokost.id/listing/kost-bumi-ua-tipe-a-bandung-wetan/,Kost Bumi Ua Tipe A Bandung Wetan,"BOJONGLOA KIDUL, KOTA BANDUNG"
95624,https://infokost.id/listing/kost-bumi-tsamara-tipe-a-coblong-bandung/,Kost Bumi Tsamara Tipe A Coblong Bandung,"BANDUNG WETAN, KOTA BANDUNG"
95621,https://infokost.id/listing/kost-bumi-saraswati-cibeunying-kaler-bandung/,Kost Bumi Saraswati Cibeunying Kaler Bandung,"COBLONG, KOTA BANDUNG"
95618,https://infokost.id/listing/kost-bumi-sahabat-cidadap-bandung/,Kost Bumi Sahabat Cidadap Bandung,"CIBEUNYING KALER, KOTA BANDUNG"
95615,https://infokost.id/listing/kost-bumi-putri-cibogo-140-bandung/,Kost Bumi Putri Cibogo 140 Bandung,"CIKANCUNG, KABUPATEN BANDUNG"
95612,https://infokost.id/listing/kost-bumi-nenda-1-standard-coblong-bandung/,Kost Bumi Nenda 1 Standard Coblong Bandung,"SOREANG, KABUPATEN BANDUNG"
95609,https://infokost.id/listing/kost-bumi-katineung-tipe-vvip-coblong-bandung/,Kost Bumi Katineung Tipe Vvip Coblong Bandung,"CIBEUNYING KALER, KOTA BANDUNG"
95606,https://infokost.id/listing/kost-bumi-cipedes-86b-tipe-a-sukasari-bandung/,Kost Bumi Cipedes 86B Tipe A Sukasari Bandung,"COBLONG, KOTA BANDUNG"
95603,https://infokost.id/listing/kost-bumi-cipaku-cidadap-bandung/,Kost Bumi Cipaku Cidadap Bandung,"SUKASARI, KOTA BANDUNG"
95600,https://infokost.id/listing/kost-bumi-aki-tipe-a-bandung-wetan/,Kost Bumi Aki Tipe A Bandung Wetan,"CIKANCUNG, KABUPATEN BANDUNG"
95597,https://infokost.id/listing/kost-bulen-sukasari-bandung/,Kost Bulen Sukasari Bandung,"BANDUNG WETAN, KOTA BANDUNG"
95594,https://infokost.id/listing/kost-bulan-cidadap-bandung/,Kost Bulan Cidadap Bandung,"SUKASARI, KOTA BANDUNG"
95591,https://infokost.id/listing/kost-bukit-sari-9-ciumbuleuit-bandung/,Kost Bukit Sari 9 Ciumbuleuit Bandung,"CIDADAP, KOTA BANDUNG"
95588,https://infokost.id/listing/kost-bukit-resik-ishi-cidadap-bandung/,Kost Bukit Resik ISHI Cidadap Bandung,"CIKANCUNG, KABUPATEN BANDUNG"
95585,https://infokost.id/listing/kost-bukit-indah-dalam-6a-ciumbuleuit-bandung/,Kost Bukit Indah Dalam 6A Ciumbuleuit Bandung,"CIKANCUNG, KABUPATEN BANDUNG"
95582,https://infokost.id/listing/kost-bukit-dago-utara-residence-executive-coblong-bandung/,Kost Bukit Dago Utara Residence Executive Coblong Bandung,"CIDADAP, KOTA BANDUNG"
95579,https://infokost.id/listing/kost-bukit-dago-selatan-49a-coblong-bandung/,Kost Bukit Dago Selatan 49A Coblong Bandung,"COBLONG, KOTA BANDUNG"
95576,https://infokost.id/listing/kost-bukit-dago-50-tipe-a-coblong-bandung/,Kost Bukit Dago 50 Tipe A Coblong Bandung,"COBLONG, KOTA BANDUNG"
95573,https://infokost.id/listing/kost-budiluhur-6a-tipe-a-sukasari-bandung/,Kost Budiluhur 6A Tipe A Sukasari Bandung,"COBLONG, KOTA BANDUNG"
95570,https://infokost.id/listing/kost-budiluhur-4-tipe-a-sukasari-bandung/,Kost Budiluhur 4 Tipe A Sukasari Bandung,"SUKASARI, KOTA BANDUNG"
95567,https://infokost.id/listing/kost-budiasih-tipe-a-sukasari-bandung/,Kost Budiasih Tipe A Sukasari Bandung,"SUKASARI, KOTA BANDUNG"
95564,https://infokost.id/listing/kost-budiasih-sukasari-bandung/,Kost Budiasih Sukasari Bandung,"SUKASARI, KOTA BANDUNG"
95561,https://infokost.id/listing/kost-bude-pvj-sukajadi-bandung/,Kost Bude PVJ Sukajadi Bandung,"SUKASARI, KOTA BANDUNG"
95558,https://infokost.id/listing/kost-bu-yayang-sukasari-bandung/,Kost Bu Yayang Sukasari Bandung,"PASEH, KABUPATEN BANDUNG"
95555,https://infokost.id/listing/kost-bu-yati-coblong-bandung/,Kost Bu Yati Coblong Bandung,"SUKASARI, KOTA BANDUNG"
95552,https://infokost.id/listing/kost-bu-yani-tipe-a-coblong-bandung/,Kost Bu Yani Tipe A Coblong Bandung,"BANDUNG WETAN, KOTA BANDUNG"
95549,https://infokost.id/listing/kost-bu-vina-cicendo-bandung/,Kost Bu Vina Cicendo Bandung,"COBLONG, KOTA BANDUNG"
95546,https://infokost.id/listing/kost-bu-titin-sukajadi-bandung/,Kost Bu Titin Sukajadi Bandung,"CICENDO, KOTA BANDUNG"
95543,https://infokost.id/listing/kost-bu-tintin-sukajadi-bandung/,Kost Bu Tintin Sukajadi Bandung,"SUKAJADI, KOTA BANDUNG"
95540,https://infokost.id/listing/kost-bu-tini-pvj-sukajadi-bandung/,Kost Bu Tini Pvj Sukajadi Bandung,"PASEH, KABUPATEN BANDUNG"
95537,https://infokost.id/listing/kost-bu-tini-bandung-wetan/,Kost Bu Tini Bandung Wetan,"SUKAJADI, KOTA BANDUNG"
95534,https://infokost.id/listing/kost-bu-tati-6-coblong-bandung/,Kost Bu Tati 6 Coblong Bandung,"BANDUNG WETAN, KOTA BANDUNG"
95531,https://infokost.id/listing/kost-bu-syihab-bandung/,Kost Bu Syihab Bandung,"COBLONG, KOTA BANDUNG"
95528,https://infokost.id/listing/kost-bu-sri-558-tipe-a-sukajadi-bandung/,Kost Bu Sri 558 Tipe A Sukajadi Bandung,"BANDUNG WETAN, KOTA BANDUNG"
95525,https://infokost.id/listing/kost-bu-soetoro-sukajadi-bandung/,Kost Bu Soetoro Sukajadi Bandung,"SUKAJADI, KOTA BANDUNG"
95522,https://infokost.id/listing/kost-bu-siti-sukajadi-bandung/,Kost Bu Siti Sukajadi Bandung,"SUKAJADI, KOTA BANDUNG"
95519,https://infokost.id/listing/kost-bu-sarwo-sukajadi-bandung/,Kost Bu Sarwo Sukajadi Bandung,"SUKAJADI, KOTA BANDUNG"
95516,https://infokost.id/listing/kost-bu-oneng-sukasari-bandung/,Kost Bu Oneng Sukasari Bandung,"SUKAJADI, KOTA BANDUNG"
95513,https://infokost.id/listing/kost-bu-nurry-sebelah-batununggal-bandung-kidul/,Kost Bu Nurry Sebelah Batununggal Bandung Kidul,"SUKASARI, KOTA BANDUNG"
95510,https://infokost.id/listing/kost-bu-ninik-cijerokaso-10-sukasari-bandung/,Kost Bu Ninik Cijerokaso 10 Sukasari Bandung,"BANDUNG KIDUL, KOTA BANDUNG"
95507,https://infokost.id/listing/kost-bu-neni-cisitu-bandung/,Kost Bu Neni Cisitu Bandung,"SUKASARI, KOTA BANDUNG"
95504,https://infokost.id/listing/kost-bu-neneng-2-sukasari-bandung/,Kost Bu Neneng 2 Sukasari Bandung,"COBLONG, KOTA BANDUNG"
95501,https://infokost.id/listing/kost-bu-nenden-sukasari-bandung/,Kost Bu Nenden Sukasari Bandung,"SUKASARI, KOTA BANDUNG"
95498,https://infokost.id/listing/kost-bu-nana-tipe-a-sukasari-bandung/,Kost Bu Nana Tipe A Sukasari Bandung,"SUKASARI, KOTA BANDUNG"
95495,https://infokost.id/listing/kost-bu-maya-tipe-a-sukasari-bandung/,Kost Bu Maya Tipe A Sukasari Bandung,"SUKASARI, KOTA BANDUNG"
95492,https://infokost.id/listing/kost-bu-leni-sukajadi-bandung/,Kost Bu Leni Sukajadi Bandung,"SUKASARI, KOTA BANDUNG"
95489,https://infokost.id/listing/kost-bu-inggit-tipe-a-sumur-bandung/,Kost Bu Inggit Tipe A Sumur Bandung,"PASEH, KABUPATEN BANDUNG"
95486,https://infokost.id/listing/kost-bu-henny-cicendo-bandung/,Kost Bu Henny Cicendo Bandung,"SUMUR BANDUNG, KOTA BANDUNG"
95483,https://infokost.id/listing/kost-bu-haji-guru-coblong-bandung/,Kost Bu Haji Guru Coblong Bandung,"CICENDO, KOTA BANDUNG"
95480,https://infokost.id/listing/kost-bu-euis-parongpong-bandung-barat/,Kost Bu Euis Parongpong Bandung Barat,"COBLONG, KOTA BANDUNG"
95477,https://infokost.id/listing/kost-bu-euis-ii-tipe-a-sukasari-bandung/,Kost Bu Euis II Tipe A Sukasari Bandung,"PARONGPONG, KABUPATEN BANDUNG BARAT"
95474,https://infokost.id/listing/kost-bu-euis-i-sukasari-bandung/,Kost Bu Euis I Sukasari Bandung,"SUKASARI, KOTA BANDUNG"
95471,https://infokost.id/listing/kost-bu-eni-coblong-bandung/,Kost Bu Eni Coblong Bandung,"SUKASARI, KOTA BANDUNG"
95468,https://infokost.id/listing/kost-bu-ella-1-cidadap-bandung/,Kost Bu Ella 1 Cidadap Bandung,"COBLONG, KOTA BANDUNG"
95465,https://infokost.id/listing/kost-bu-elah-coblong-bandung/,Kost Bu Elah Coblong Bandung,"CIKANCUNG, KABUPATEN BANDUNG"
95462,https://infokost.id/listing/kost-bu-elah-cisitu-coblong-bandung/,Kost Bu Elah Cisitu Coblong Bandung,"COBLONG, KOTA BANDUNG"
95459,https://infokost.id/listing/kost-bu-dila-coblong-bandung/,Kost Bu Dila Coblong Bandung,"COBLONG, KOTA BANDUNG"
95453,https://infokost.id/listing/kost-bu-dayat-coblong-bandung/,Kost Bu Dayat Coblong Bandung,"CIKANCUNG, KABUPATEN BANDUNG"
95450,https://infokost.id/listing/kost-bu-cicih-tipe-a-sukasari-bandung/,Kost Bu Cicih Tipe A Sukasari Bandung,"COBLONG, KOTA BANDUNG"
95447,https://infokost.id/listing/kost-bu-anisa-coblong-bandung/,Kost Bu Anisa Coblong Bandung,"SUKASARI, KOTA BANDUNG"
95444,https://infokost.id/listing/kost-bu-ani-sukasari-6-sukajadi-bandung/,Kost Bu Ani Sukasari 6 Sukajadi Bandung,"COBLONG, KOTA BANDUNG"
95441,https://infokost.id/listing/kost-bu-andi-babakan-ciamis-bandung/,Kost Bu Andi Babakan Ciamis Bandung,"SUKAJADI, KOTA BANDUNG"
95438,https://infokost.id/listing/kost-bu-alit-gegerkalong-bandung/,Kost Bu Alit Gegerkalong Bandung,"SUMUR BANDUNG, KOTA BANDUNG"
95435,https://infokost.id/listing/kost-bu-alex-coblong-bandung/,Kost Bu Alex Coblong Bandung,"SUKASARI, KOTA BANDUNG"
95432,https://infokost.id/listing/kost-bpk-yudi-tipe-b-dipatiukur-coblong-bandung/,Kost Bpk Yudi Tipe B Dipatiukur Coblong Bandung,"COBLONG, KOTA BANDUNG"
95429,https://infokost.id/listing/kost-bpk-doni-bojongloa-kidul-bandung/,Kost Bpk Doni Bojongloa Kidul Bandung,"COBLONG, KOTA BANDUNG"
95423,https://infokost.id/listing/kost-bp-mitra-sukasari-bandung/,Kost Bp. Mitra Sukasari Bandung,"CIKANCUNG, KABUPATEN BANDUNG"
95420,https://infokost.id/listing/kost-bp-iden-tipe-a-sukasari-bandung/,Kost Bp Iden Tipe A Sukasari Bandung,"SUKASARI, KOTA BANDUNG"
95417,https://infokost.id/listing/kost-boyobo-sukasari-bandung/,Kost Boyobo Sukasari Bandung,"SUKASARI, KOTA BANDUNG"
95414,https://infokost.id/listing/kost-boy-coblong-bandung/,Kost Boy Coblong Bandung,"SUKASARI, KOTA BANDUNG"
95411,https://infokost.id/listing/kost-boscha-sukajadi-bandung/,Kost Boscha Sukajadi Bandung,"COBLONG, KOTA BANDUNG"
95408,https://infokost.id/listing/kost-borgints-coblong-bandung/,Kost Borgints Coblong Bandung,"SUKAJADI, KOTA BANDUNG"
95405,https://infokost.id/listing/kost-boekit-co-living-tipe-a-cidadap-bandung/,Kost Boekit Co Living Tipe A Cidadap Bandung,"COBLONG, KOTA BANDUNG"
95402,https://infokost.id/listing/kost-blueberry-dago-tipe-a-cibeunying-kaler-bandung/,Kost Blueberry Dago Tipe A Cibeunying Kaler Bandung,"CIKANCUNG, KABUPATEN BANDUNG"
95399,https://infokost.id/listing/kost-blue-sky-tipe-d-sukajadi-bandung/,Kost Blue Sky Tipe D Sukajadi Bandung,"CIBEUNYING KALER, KOTA BANDUNG"
95396,https://infokost.id/listing/kost-blu-sukasari-bandung/,Kost Blu Sukasari Bandung,"SUKAJADI, KOTA BANDUNG"
95393,https://infokost.id/listing/kost-blok-balimbing-sukajadi-bandung/,Kost Blok Balimbing Sukajadi Bandung,"SUKASARI, KOTA BANDUNG"
95390,https://infokost.id/listing/kost-blessing-house-sukajadi-bandung/,Kost Blessing House Sukajadi Bandung,"SUKAJADI, KOTA BANDUNG"
95387,https://infokost.id/listing/kost-bj-aneka-cidadap-bandung/,Kost BJ Aneka Cidadap Bandung,"SUKAJADI, KOTA BANDUNG"
95384,https://infokost.id/listing/kost-biru-sukasari-bandung/,Kost Biru Sukasari Bandung,"CIKANCUNG, KABUPATEN BANDUNG"
95381,https://infokost.id/listing/kost-biru-cisitu-lama-30-coblong-bandung/,Kost Biru Cisitu Lama 30 Coblong Bandung,"SUKASARI, KOTA BANDUNG"
95378,https://infokost.id/listing/kost-bios-garden-house-tipe-comfy-sukasari-bandung/,Kost Bios Garden House Tipe Comfy Sukasari Bandung,"COBLONG, KOTA BANDUNG"
95375,https://infokost.id/listing/kost-bintang-sukasari-bandung/,Kost Bintang Sukasari Bandung,"SUKASARI, KOTA BANDUNG"
95372,https://infokost.id/listing/kost-biladco-tipe-a-coblong-bandung/,Kost Biladco Tipe A Coblong Bandung,"SUKASARI, KOTA BANDUNG"
95369,https://infokost.id/listing/kost-bidan-merry-sukasari-bandung/,Kost Bidan Merry Sukasari Bandung,"COBLONG, KOTA BANDUNG"
95366,https://infokost.id/listing/kost-berlin-cicendio-bandung/,Kost Berlin Cicendio Bandung,"SUKASARI, KOTA BANDUNG"
95363,https://infokost.id/listing/kost-berkat-mama-uwar-sukajadi-bandung/,Kost Berkat Mama Uwar Sukajadi Bandung,"CICENDO, KOTA BANDUNG"
95360,https://infokost.id/listing/kost-berkat-ibu-yelan-sukajadi-bandung/,Kost Berkat Ibu Yelan Sukajadi Bandung,"SUKAJADI, KOTA BANDUNG"
95357,https://infokost.id/listing/kost-benisse-cibogo-bandung/,Kost Benisse Cibogo Bandung,"SUKAJADI, KOTA BANDUNG"
95354,https://infokost.id/listing/kost-bebas-cisitu-lama-coblong-bandung/,Kost Bebas Cisitu Lama Coblong Bandung,"SUKAJADI, KOTA BANDUNG"
95351,https://infokost.id/listing/kost-beat-sukajadi-bandung/,Kost Beat Sukajadi Bandung,"COBLONG, KOTA BANDUNG"
95348,https://infokost.id/listing/kost-bby-64-tipe-a-coblong-bandung/,Kost BBY 64 Tipe A Coblong Bandung,"SUKAJADI, KOTA BANDUNG"
95345,https://infokost.id/listing/kost-batununggal-waas-02-89-bandung-kidul-bandung/,Kost Batununggal Waas 02 89 Bandung Kidul Bandung,"COBLONG, KOTA BANDUNG"
95342,https://infokost.id/listing/kost-bata-cisbar-tipe-a-coblong-bandung/,Kost Bata Cisbar Tipe A Coblong Bandung,"BANDUNG KIDUL, KOTA BANDUNG"
95339,https://infokost.id/listing/kost-basmalah-bapak-uhi-tipe-a-coblong-bandung/,Kost Basmalah Bapak Uhi Tipe A Coblong Bandung,"COBLONG, KOTA BANDUNG"
95336,https://infokost.id/listing/kost-barokah-tipe-a-sukasari-bandung/,Kost Barokah Tipe A Sukasari Bandung,"COBLONG, KOTA BANDUNG"
95333,https://infokost.id/listing/kost-barokah-gegerkalong-tipe-b-i-sukasari-bandung/,Kost Barokah Gegerkalong Tipe B I Sukasari Bandung,"SUKASARI, KOTA BANDUNG"
95330,https://infokost.id/listing/kost-barokah-bojongloa-kidul-bandung/,Kost Barokah Bojongloa Kidul Bandung,"SUKASARI, KOTA BANDUNG"
95327,https://infokost.id/listing/kost-barkah-sukasari-bandung/,Kost Barkah Sukasari Bandung,"BOJONGLOA KIDUL, KOTA BANDUNG"
95321,https://infokost.id/listing/kost-bapak-yusup-sarijadi-bandung/,Kost Bapak Yusup Sarijadi Bandung,"COBLONG, KOTA BANDUNG"
95318,https://infokost.id/listing/kost-bapak-yogi-salamun-cidadap-bandung/,Kost Bapak Yogi Salamun Cidadap Bandung,"SUKASARI, KOTA BANDUNG"
95315,https://infokost.id/listing/kost-bapak-taslim-islamiah-pasteur-bandung/,Kost Bapak Taslim Islamiah Pasteur Bandung,"CIDADAP, KOTA BANDUNG"
95312,https://infokost.id/listing/kost-bapak-slamet-coblong-bandung/,Kost Bapak Slamet Coblong Bandung,"CICENDO, KOTA BANDUNG"
95309,https://infokost.id/listing/kost-bapak-sholih-tipe-a-sukajadi-bandung/,Kost Bapak Sholih Tipe A Sukajadi Bandung,"COBLONG, KOTA BANDUNG"
95306,https://infokost.id/listing/kost-bapak-rizal-sukasari-bandung/,Kost Bapak Rizal Sukasari Bandung,"SUKAJADI, KOTA BANDUNG"
95303,https://infokost.id/listing/kost-bapak-prasap-tipe-a-coblong-bandung/,Kost Bapak Prasap Tipe A Coblong Bandung,"SUKASARI, KOTA BANDUNG"
95300,https://infokost.id/listing/kost-bapak-mintoro-bandung-wetan/,Kost Bapak Mintoro Bandung Wetan,"COBLONG, KOTA BANDUNG"
95297,https://infokost.id/listing/kost-bapak-maksum-sukasari-bandung/,Kost Bapak Maksum Sukasari Bandung,"COBLONG, KOTA BANDUNG"
95291,https://infokost.id/listing/kost-bapak-irwan-azis-coblong-bandung/,Kost Bapak Irwan Azis Coblong Bandung,"SUKASARI, KOTA BANDUNG"
95288,https://infokost.id/listing/kost-bapak-harris-bandung-wetan/,Kost Bapak Harris Bandung Wetan,"COBLONG, KOTA BANDUNG"
95285,https://infokost.id/listing/kost-bapak-ferry-lengkong-bandung/,Kost Bapak Ferry Lengkong Bandung,"COBLONG, KOTA BANDUNG"
95279,https://infokost.id/listing/kost-bapak-donny-aa-cicendo-bandung/,Kost Bapak Donny AA Cicendo Bandung,"CICENDO, KOTA BANDUNG"
95276,https://infokost.id/listing/kost-bapak-agus-ibu-letty-bandung/,Kost Bapak Agus Ibu Letty Bandung,"CICENDO, KOTA BANDUNG"
95273,https://infokost.id/listing/kost-bapak-adjid-tipe-a-bandung-wetan/,Kost Bapak Adjid Tipe A Bandung Wetan,"COBLONG, KOTA BANDUNG"
95270,https://infokost.id/listing/kost-bapak-adang-ibu-wiwin-cicendo-bandung/,Kost Bapak Adang Ibu Wiwin Cicendo Bandung,"BANDUNG WETAN, KOTA BANDUNG"
95267,https://infokost.id/listing/kost-bantd-sumur-bandung-bandung/,Kost Bantd Sumur Bandung Bandung,"CICENDO, KOTA BANDUNG"
95264,https://infokost.id/listing/kost-bangbayang-selatan-no-6-bandung/,Kost Bangbayang Selatan No 6 Bandung,"SUMUR BANDUNG, KOTA BANDUNG"
95261,https://infokost.id/listing/kost-bangbayang-residence-tipe-a-coblong-bandung/,Kost Bangbayang Residence Tipe A Coblong Bandung,"COBLONG, KOTA BANDUNG"
95258,https://infokost.id/listing/kost-bangbayang-residence-dago-bandung/,Kost Bangbayang Residence Dago Bandung,"COBLONG, KOTA BANDUNG"
95255,https://infokost.id/listing/kost-bangbayang-80b-tipe-a-coblong-bandung/,Kost Bangbayang 80B Tipe A Coblong Bandung,"COBLONG, KOTA BANDUNG"
95252,https://infokost.id/listing/kost-bangbayang-27c-coblong-bandung/,Kost Bangbayang 27c Coblong Bandung,"COBLONG, KOTA BANDUNG"
95249,https://infokost.id/listing/kost-bang-adi-coblong-bandung/,Kost Bang Adi Coblong Bandung,"COBLONG, KOTA BANDUNG"
95246,https://infokost.id/listing/kost-bandung-33a-tipe-e-cicendo-bandung/,Kost Bandung 33A Tipe E Cicendo Bandung,"COBLONG, KOTA BANDUNG"
95243,https://infokost.id/listing/kost-bandung-33a-tipe-d-cicendo-bandung/,Kost Bandung 33A Tipe D Cicendo Bandung,"CICENDO, KOTA BANDUNG"
95240,https://infokost.id/listing/kost-bandung-33a-tipe-a-cicendo-bandung/,Kost Bandung 33A Tipe A Cicendo Bandung,"CICENDO, KOTA BANDUNG"
95237,https://infokost.id/listing/kost-banda-sumur-bandung/,Kost Banda Sumur Bandung,"CICENDO, KOTA BANDUNG"
95234,https://infokost.id/listing/kost-bambu-coblong-bandung/,Kost Bambu Coblong Bandung,"BANDUNG WETAN, KOTA BANDUNG"
95231,https://infokost.id/listing/kost-balebat-taman-sari-bandung/,Kost Balebat Taman Sari Bandung,"COBLONG, KOTA BANDUNG"
95228,https://infokost.id/listing/kost-baladewa-pajajaran-cicendo-bandung/,Kost Baladewa Pajajaran Cicendo Bandung,"BANDUNG WETAN, KOTA BANDUNG"
95219,https://infokost.id/listing/kost-bakjer-pasteur-sukajadi-bandung/,Kost Bakjer Pasteur Sukajadi Bandung,"SUKAJADI, KOTA BANDUNG"
95216,https://infokost.id/listing/kost-baiti-janati-sukajadi-bandung/,Kost Baiti Janati Sukajadi Bandung,"SUKAJADI, KOTA BANDUNG"
95213,https://infokost.id/listing/kost-bahureksa-no-8-bandung/,Kost Bahureksa No.8 Bandung,"PASEH, KABUPATEN BANDUNG"
95210,https://infokost.id/listing/kost-bahana-108-coblong-bandung/,Kost Bahana 108 Coblong Bandung,"BANDUNG WETAN, KOTA BANDUNG"
95207,https://infokost.id/listing/kost-bagusrangin-tipe-a-coblong-bandung/,Kost Bagusrangin Tipe A Coblong Bandung,"COBLONG, KOTA BANDUNG"
95204,https://infokost.id/listing/kost-babakan-sindang-32-sukajadi-bandung/,Kost Babakan Sindang 32 Sukajadi Bandung,"COBLONG, KOTA BANDUNG"
95201,https://infokost.id/listing/kost-babakan-sembung-no-62a-coblong-bandung/,Kost Babakan Sembung No.62A Coblong Bandung,"PASEH, KABUPATEN BANDUNG"
95198,https://infokost.id/listing/kost-babakan-jeruk-37-sukajadi-bandung/,Kost Babakan Jeruk 37 Sukajadi Bandung,"COBLONG, KOTA BANDUNG"
95195,https://infokost.id/listing/kost-babakan-jeruk-1-sukajadi-bandung/,Kost Babakan Jeruk 1 Sukajadi Bandung,"SUKAJADI, KOTA BANDUNG"
95192,https://infokost.id/listing/kost-babaje-sukajadi-bandung/,Kost Babaje Sukajadi Bandung,"SUKAJADI, KOTA BANDUNG"
95189,https://infokost.id/listing/kost-bb-cihampelas-ciwalk-coblong-bandung/,Kost B&B Cihampelas Ciwalk Coblong Bandung,"SUKAJADI, KOTA BANDUNG"
95186,https://infokost.id/listing/kost-b-21-kompleks-puri-syalendra-sukajadi-bandung/,Kost B-21 Kompleks Puri Syalendra Sukajadi Bandung,"COBLONG, KOTA BANDUNG"
95183,https://infokost.id/listing/kost-azka-sukasari-bandung/,Kost Azka Sukasari Bandung,"SUKAJADI, KOTA BANDUNG"
95180,https://infokost.id/listing/kost-ayumi-home-sukajadi-bandung/,Kost Ayumi Home Sukajadi Bandung,"SUKASARI, KOTA BANDUNG"
95177,https://infokost.id/listing/kost-aviasari-suci-coblong-bandung/,Kost Aviasari Suci Coblong Bandung,"SUKAJADI, KOTA BANDUNG"
95174,https://infokost.id/listing/kost-aulia-coblong-bandung/,Kost Aulia Coblong Bandung,"COBLONG, KOTA BANDUNG"
95171,https://infokost.id/listing/kost-ate-3-coblong-bandung/,Kost Ate 3 Coblong Bandung,"COBLONG, KOTA BANDUNG"
95168,https://infokost.id/listing/kost-astina-gang-sukatenang-cicendo-bandung/,Kost Astina Gang Sukatenang Cicendo Bandung,"CIBEUNYING KALER, KOTA BANDUNG"
95165,https://infokost.id/listing/kost-astin-sukajadi-bandung/,Kost Astin Sukajadi Bandung,"CICENDO, KOTA BANDUNG"
95162,https://infokost.id/listing/kost-assyifa-sukasari-bandung/,Kost Assyifa Sukasari Bandung,"SUKAJADI, KOTA BANDUNG"
95159,https://infokost.id/listing/kost-asri-tipe-appartemen-besar-cicendo-bandung/,Kost Asri Tipe Appartemen Besar Cicendo Bandung,"SUKASARI, KOTA BANDUNG"
95156,https://infokost.id/listing/kost-asri-syafa-cidadap-bandung/,Kost Asri Syafa Cidadap Bandung,"CICENDO, KOTA BANDUNG"
95153,https://infokost.id/listing/kost-asri-residence-lengkong-bandung/,Kost Asri Residence Lengkong Bandung,"SINDANGKERTA, KABUPATEN BANDUNG BARAT"
95150,https://infokost.id/listing/kost-asri-home-tipe-c-coblong-bandung/,Kost Asri Home Tipe C Coblong Bandung,"PASEH, KABUPATEN BANDUNG"
95147,https://infokost.id/listing/kost-asoka-inn-pasteur-tipe-a-sukasari-bandung/,Kost Asoka Inn Pasteur Tipe A Sukasari Bandung,"COBLONG, KOTA BANDUNG"
95144,https://infokost.id/listing/kost-asia-residences-tipe-a-sukajadi-bandung/,Kost Asia Residences Tipe A Sukajadi Bandung,"SUKASARI, KOTA BANDUNG"
95141,https://infokost.id/listing/kost-arrohmah-tipe-a-coblong-bandung/,Kost Arrohmah Tipe A Coblong Bandung,"SUKAJADI, KOTA BANDUNG"
95138,https://infokost.id/listing/kost-aroel-tipe-a-sukasari-bandung/,Kost Aroel Tipe A Sukasari Bandung,"COBLONG, KOTA BANDUNG"
95135,https://infokost.id/listing/kost-arman-dita-sukasari-bandung/,Kost Arman Dita Sukasari Bandung,"SUKASARI, KOTA BANDUNG"
95132,https://infokost.id/listing/kost-arifin-cicendo-bandung/,Kost Arifin Cicendo Bandung,"SUKASARI, KOTA BANDUNG"
95129,https://infokost.id/listing/kost-ariandri-boutique-guesthouse-sukajadi-bandung/,Kost Ariandri Boutique Guesthouse Sukajadi Bandung,"CICENDO, KOTA BANDUNG"
95126,https://infokost.id/listing/kost-ariad-tipe-a-lengkong-bandung/,Kost Ariad Tipe A Lengkong Bandung,"SUKAJADI, KOTA BANDUNG"
95120,https://infokost.id/listing/kost-ar-royan-sukasari-bandung/,Kost Ar Royan Sukasari Bandung,"CIBEUNYING KALER, KOTA BANDUNG"
95117,https://infokost.id/listing/kost-aquila-residence-tipe-a-sukajadi-bandung/,Kost Aquila Residence Tipe A Sukajadi Bandung,"SUKASARI, KOTA BANDUNG"
95114,https://infokost.id/listing/kost-aqila-tiga-coblong-bandung/,Kost Aqila Tiga Coblong Bandung,"SUKAJADI, KOTA BANDUNG"
95111,https://infokost.id/listing/kost-aprilia-home-sukajadi-bandung/,Kost Aprilia Home Sukajadi Bandung,"COBLONG, KOTA BANDUNG"
95108,https://infokost.id/listing/kost-apiq-tipe-a-sukasari-bandung/,Kost Apiq Tipe A Sukasari Bandung,"SUKAJADI, KOTA BANDUNG"
95105,https://infokost.id/listing/kost-apiq-paviliun-sukasari-bandung/,Kost Apiq Paviliun Sukasari Bandung,"SUKASARI, KOTA BANDUNG"
95081,https://infokost.id/listing/kost-anugrah-sukajadi-bandung/,Kost Anugrah Sukajadi Bandung,"SUKAJADI, KOTA BANDUNG"
95078,https://infokost.id/listing/kost-anugrah-ciumbuleuit-cidadap-bandung/,Kost Anugrah Ciumbuleuit Cidadap Bandung,"PASEH, KABUPATEN BANDUNG"
95075,https://infokost.id/listing/kost-anugrah-cipedes-sukajadi-bandung/,Kost Anugrah Cipedes Sukajadi Bandung,"CIDADAP, KOTA BANDUNG"
95072,https://infokost.id/listing/kost-anugerah-tubagus-ismail-coblong-bandung/,Kost Anugerah Tubagus Ismail Coblong Bandung,"PASEH, KABUPATEN BANDUNG"
95069,https://infokost.id/listing/kost-ansa-sukajadi-bandung/,Kost Ansa Sukajadi Bandung,"COBLONG, KOTA BANDUNG"
95066,https://infokost.id/listing/kost-annurahma-sukasari-bandung/,Kost Annurahma Sukasari Bandung,"SUKAJADI, KOTA BANDUNG"
95063,https://infokost.id/listing/kost-annisa-tipe-a-coblong-bandung/,Kost Annisa Tipe A Coblong Bandung,"SUKASARI, KOTA BANDUNG"
95060,https://infokost.id/listing/kost-annisa-cibeunying-kaler-bandung/,Kost Annisa Cibeunying Kaler Bandung,"COBLONG, KOTA BANDUNG"
95057,https://infokost.id/listing/kost-anggrek-bulan-coblong-bandung/,Kost Anggrek Bulan Coblong Bandung,"PANGALENGAN, KABUPATEN BANDUNG"
95054,https://infokost.id/listing/kost-anggieta-cicendo-bandung/,Kost Anggieta Cicendo Bandung,"COBLONG, KOTA BANDUNG"
95051,https://infokost.id/listing/kost-angga-sukajadi-bandung/,Kost Angga Sukajadi Bandung,"CICENDO, KOTA BANDUNG"
95048,https://infokost.id/listing/kost-anesha-sukasari-bandung/,Kost Anesha Sukasari Bandung,"SUKAJADI, KOTA BANDUNG"
95042,https://infokost.id/listing/kost-andri-tipe-a-cidadap-bandung/,Kost Andri Tipe A Cidadap Bandung,"SUKASARI, KOTA BANDUNG"
95036,https://infokost.id/listing/kost-andhika-coblong-bandung/,Kost Andhika Coblong Bandung,"SUKASARI, KOTA BANDUNG"
95033,https://infokost.id/listing/kost-ana-sukasari-bandung/,Kost Ana Sukasari Bandung,"COBLONG, KOTA BANDUNG"
95030,https://infokost.id/listing/kost-an-muslimah-sukasari-bandung/,Kost An Muslimah Sukasari Bandung,"SUKASARI, KOTA BANDUNG"
95027,https://infokost.id/listing/kost-amma-tipe-a-sukajadi-bandung/,Kost Amma Tipe A Sukajadi Bandung,"SUKASARI, KOTA BANDUNG"
95024,https://infokost.id/listing/kost-amira25-cicendo-bandung/,Kost Amira25 Cicendo Bandung,"SUKAJADI, KOTA BANDUNG"
95021,https://infokost.id/listing/kost-aming-bandung-kidul/,Kost Aming Bandung Kidul,"CICENDO, KOTA BANDUNG"
95018,https://infokost.id/listing/kost-ambu-lia-tipe-a-sukasari-bandung/,Kost Ambu Lia Tipe A Sukasari Bandung,"SUKASARI, KOTA BANDUNG"
95015,https://infokost.id/listing/kost-ambar-muslimah-coblong-bandung/,Kost Ambar Muslimah Coblong Bandung,"SUKASARI, KOTA BANDUNG"
95012,https://infokost.id/listing/kost-amaryllis-tipe-eksklusif-kost-deluxe-room-sukajadi-bandung/,Kost Amaryllis Tipe Eksklusif Kost Deluxe Room Sukajadi Bandung,"COBLONG, KOTA BANDUNG"
95009,https://infokost.id/listing/kost-amara-residence-bandung/,Kost Amara Residence Bandung,"SUKAJADI, KOTA BANDUNG"
95006,https://infokost.id/listing/kost-amanah-bpk-atang-sukasari-bandung/,Kost Amanah Bpk Atang Sukasari Bandung,"CIKANCUNG, KABUPATEN BANDUNG"
95003,https://infokost.id/listing/kost-amalia-maranata-pasteur-sukajadi-bandung/,Kost Amalia Maranata Pasteur Sukajadi Bandung,"SUKASARI, KOTA BANDUNG"
95000,https://infokost.id/listing/kost-alvin-residence-cidadap-bandung/,Kost Alvin Residence Cidadap Bandung,"SUKAJADI, KOTA BANDUNG"
94997,https://infokost.id/listing/kost-alm-ceu-ade-pasteur-bandung/,Kost Alm Ceu Ade Pasteur Bandung,"CIDADAP, KOTA BANDUNG"
94994,https://infokost.id/listing/kost-allisa-4-parongpong-bandung-barat/,Kost Allisa 4 Parongpong Bandung Barat,"SUKAJADI, KOTA BANDUNG"
94991,https://infokost.id/listing/kost-alis-ciumbuleuit-cidadap-bandung/,Kost Alis Ciumbuleuit Cidadap Bandung,"PARONGPONG, KABUPATEN BANDUNG BARAT"
94988,https://infokost.id/listing/kost-alhadi-coblong-bandung/,Kost Alhadi Coblong Bandung,"CIDADAP, KOTA BANDUNG"
